{
  "hash": "d680d09e",
  "configHash": "681e81fd",
  "lockfileHash": "8de7c915",
  "browserHash": "298752a9",
  "optimized": {
    "@angular/common": {
      "src": "../../../../../../node_modules/@angular/common/fesm2022/common.mjs",
      "file": "@angular_common.js",
      "fileHash": "e1673e4b",
      "needsInterop": false
    },
    "@angular/common/http": {
      "src": "../../../../../../node_modules/@angular/common/fesm2022/http.mjs",
      "file": "@angular_common_http.js",
      "fileHash": "3cf49b2b",
      "needsInterop": false
    },
    "@angular/core": {
      "src": "../../../../../../node_modules/@angular/core/fesm2022/core.mjs",
      "file": "@angular_core.js",
      "fileHash": "b6e5db10",
      "needsInterop": false
    },
    "@angular/platform-browser": {
      "src": "../../../../../../node_modules/@angular/platform-browser/fesm2022/platform-browser.mjs",
      "file": "@angular_platform-browser.js",
      "fileHash": "6860f1eb",
      "needsInterop": false
    },
    "@angular/router": {
      "src": "../../../../../../node_modules/@angular/router/fesm2022/router.mjs",
      "file": "@angular_router.js",
      "fileHash": "d692194e",
      "needsInterop": false
    }
  },
  "chunks": {
    "chunk-63FRMGZU": {
      "file": "chunk-63FRMGZU.js"
    },
    "chunk-3GM4S2MW": {
      "file": "chunk-3GM4S2MW.js"
    },
    "chunk-SDICE5GO": {
      "file": "chunk-SDICE5GO.js"
    },
    "chunk-BTFZICNT": {
      "file": "chunk-BTFZICNT.js"
    }
  }
}